CRUISE,VESSEL,HAUL,STATION,SPECIES_CODE,SEX,LENGTH,WIDTH,SHELL_CONDITION,EGG_COLOR,EGG_CONDITION,CLUTCH_SIZE,WEIGHT,DISEASE_CODE,DISEASE_DORSAL,DISEASE_VENTRAL,DISEASE_LEGS,SAMPLING_FACTOR,CHELA_HEIGHT,MERUS_LENGTH,COMMENTS,RECORDING_DEVICE,ID,NOTES
202201,162,33,"YO9",69322,1,120.0,,2,,,,,,,,,1.00000,,,,"18c475f58d54b66e","18c475f58d54b66e_0000000035",
202201,162,33,"YO9",69322,1,130.0,,2,,,,,,,,,1.00000,,,,"18c475f58d54b66e","18c475f58d54b66e_0000000034",
202201,162,33,"YO9",69322,1,138.0,,3,,,,,,,,,1.00000,,,,"18c475f58d54b66e","18c475f58d54b66e_0000000033",
202201,162,33,"YO9",69322,2,45.0,,2,0,0,0,,,,,,1.00000,,,,"18c475f58d54b66e","18c475f58d54b66e_0000000041",
202201,162,33,"YO9",69322,2,58.0,,2,0,0,0,,,,,,1.00000,,,,"18c475f58d54b66e","18c475f58d54b66e_0000000040",
202201,162,33,"YO9",69322,2,60.0,,2,0,0,0,,,,,,1.00000,,,,"18c475f58d54b66e","18c475f58d54b66e_0000000039",
202201,162,33,"YO9",69322,2,80.0,,3,2,2,4,,,,,,1.00000,,,,"18c475f58d54b66e","18c475f58d54b66e_0000000038",
202201,162,33,"YO9",69322,2,140.0,,3,2,2,4,,,,,,1.00000,,,,"18c475f58d54b66e","18c475f58d54b66e_0000000037",
202201,162,33,"YO9",69322,2,120.0,,3,2,2,4,,,,,,1.00000,,,,"18c475f58d54b66e","18c475f58d54b66e_0000000036",
