CRUISE,VESSEL,HAUL,STATION,SPECIES_CODE,SEX,LENGTH,WIDTH,SHELL_CONDITION,EGG_COLOR,EGG_CONDITION,CLUTCH_SIZE,WEIGHT,DISEASE_CODE,DISEASE_DORSAL,DISEASE_VENTRAL,DISEASE_LEGS,SAMPLING_FACTOR,CHELA_HEIGHT,MERUS_LENGTH,COMMENTS,RECORDING_DEVICE,ID,NOTES
202201,162,91,"X63",69322,1,136.7,,2,,,,,,,,,1.00000,,,,"f1f9206994e82d08","f1f9206994e82d08_0000000980",
202201,162,91,"X63",69322,1,148.3,,2,,,,,,,,,1.00000,,,,"f1f9206994e82d08","f1f9206994e82d08_0000000979",
202201,162,91,"X63",69322,1,143.7,,2,,,,,,,,,1.00000,,,,"f1f9206994e82d08","f1f9206994e82d08_0000000978",
202201,162,91,"X63",69322,1,132.0,,2,,,,,,,,,1.00000,,,,"f1f9206994e82d08","f1f9206994e82d08_0000000977",
202201,162,91,"X63",69322,1,138.8,,2,,,,,,,,,1.00000,,,,"f1f9206994e82d08","f1f9206994e82d08_0000000976",
202201,162,91,"X63",69322,1,145.2,,2,,,,,,,,,1.00000,,,,"f1f9206994e82d08","f1f9206994e82d08_0000000975",
202201,162,91,"X63",69322,1,157.8,,2,,,,,,,,,1.00000,,,,"f1f9206994e82d08","f1f9206994e82d08_0000000974",
202201,162,91,"X63",69322,2,158.2,,3,2,2,5,,,,,,1.00000,,,,"f1f9206994e82d08","f1f9206994e82d08_0000000982",
202201,162,91,"X63",69322,2,147.1,,3,2,2,6,,,,,,1.00000,,,,"f1f9206994e82d08","f1f9206994e82d08_0000000981",
