CRUISE,VESSEL,HAUL,STATION,SPECIES_CODE,SEX,LENGTH,WIDTH,SHELL_CONDITION,EGG_COLOR,EGG_CONDITION,CLUTCH_SIZE,WEIGHT,DISEASE_CODE,DISEASE_DORSAL,DISEASE_VENTRAL,DISEASE_LEGS,SAMPLING_FACTOR,CHELA_HEIGHT,MERUS_LENGTH,COMMENTS,RECORDING_DEVICE,ID,NOTES
202201,162,85,"XVI",69322,1,112.8,,2,,,,,,,,,1.00000,,,,"f1f9206994e82d08","f1f9206994e82d08_0000000938",
202201,162,85,"XVI",69322,1,169.1,,4,,,,,,,,,1.00000,,,,"f1f9206994e82d08","f1f9206994e82d08_0000000937",
202201,162,85,"XVI",69322,2,113.4,,3,2,2,6,,,,,,1.00000,,,,"f1f9206994e82d08","f1f9206994e82d08_0000000943",
202201,162,85,"XVI",69322,2,143.4,,3,2,2,6,,,,,,1.00000,,,,"f1f9206994e82d08","f1f9206994e82d08_0000000942",
202201,162,85,"XVI",69322,2,140.1,,3,2,2,6,,,,,,1.00000,,,,"f1f9206994e82d08","f1f9206994e82d08_0000000941",
202201,162,85,"XVI",69322,2,125.3,,2,2,2,6,,,,,,1.00000,,,,"f1f9206994e82d08","f1f9206994e82d08_0000000940",
202201,162,85,"XVI",69322,2,110.2,,2,2,2,6,,,,,,1.00000,,,,"f1f9206994e82d08","f1f9206994e82d08_0000000939",
