CRUISE,VESSEL,HAUL,STATION,SPECIES_CODE,SEX,LENGTH,WIDTH,SHELL_CONDITION,EGG_COLOR,EGG_CONDITION,CLUTCH_SIZE,WEIGHT,DISEASE_CODE,DISEASE_DORSAL,DISEASE_VENTRAL,DISEASE_LEGS,SAMPLING_FACTOR,CHELA_HEIGHT,MERUS_LENGTH,COMMENTS,RECORDING_DEVICE,ID,NOTES
202201,94,143,"T16",69322,1,131.6,,3,,,,,,,,,1.00000,,,,"110d9296d13b8ec4","110d9296d13b8ec4_0000001232",
202201,94,143,"T16",69322,1,124.8,,3,,,,,,,,,1.00000,,,,"110d9296d13b8ec4","110d9296d13b8ec4_0000001231",
202201,94,143,"T16",69322,1,141.8,,2,,,,,,,,,1.00000,,,,"110d9296d13b8ec4","110d9296d13b8ec4_0000001230",
202201,94,143,"T16",69322,1,122.4,,2,,,,,,,,,1.00000,,,,"110d9296d13b8ec4","110d9296d13b8ec4_0000001229",
202201,94,143,"T16",69322,1,118.2,,2,,,,,,,,,1.00000,,,,"110d9296d13b8ec4","110d9296d13b8ec4_0000001228",
202201,94,143,"T16",69322,1,127.5,,2,,,,,,,,,1.00000,,,,"110d9296d13b8ec4","110d9296d13b8ec4_0000001227",
202201,94,143,"T16",69322,1,124.4,,2,,,,,,,,,1.00000,,,,"110d9296d13b8ec4","110d9296d13b8ec4_0000001226",
202201,94,143,"T16",69322,2,148.9,,3,2,2,6,,,,,,1.00000,,,,"110d9296d13b8ec4","110d9296d13b8ec4_0000001234",
202201,94,143,"T16",69322,2,138.5,,3,2,2,6,,,,,,1.00000,,,,"110d9296d13b8ec4","110d9296d13b8ec4_0000001233",
