CRUISE,VESSEL,HAUL,STATION,SPECIES_CODE,SEX,LENGTH,WIDTH,SHELL_CONDITION,EGG_COLOR,EGG_CONDITION,CLUTCH_SIZE,WEIGHT,DISEASE_CODE,DISEASE_DORSAL,DISEASE_VENTRAL,DISEASE_LEGS,SAMPLING_FACTOR,CHELA_HEIGHT,MERUS_LENGTH,COMMENTS,RECORDING_DEVICE,ID,NOTES
202201,162,30,"X117",69322,1,141.3,,3,,,,,,,,,1.00000,,,,"f1f9206994e82d08","f1f9206994e82d08_0000000181",
202201,162,30,"X117",69322,1,149.3,,3,,,,,,,,,1.00000,,,,"f1f9206994e82d08","f1f9206994e82d08_0000000180",
202201,162,30,"X117",69322,1,129.6,,3,,,,,,,,,1.00000,,,,"f1f9206994e82d08","f1f9206994e82d08_0000000179",
202201,162,30,"X117",69322,1,122.5,,3,,,,,,,,,1.00000,,,,"f1f9206994e82d08","f1f9206994e82d08_0000000178",
202201,162,30,"X117",69322,1,143.3,,3,,,,,,,,,1.00000,,,,"f1f9206994e82d08","f1f9206994e82d08_0000000177",
202201,162,30,"X117",69322,1,146.1,,3,,,,,,,,,1.00000,,,,"f1f9206994e82d08","f1f9206994e82d08_0000000176",
202201,162,30,"X117",69322,1,155.8,,3,,,,,,,,,1.00000,,,,"f1f9206994e82d08","f1f9206994e82d08_0000000175",
202201,162,30,"X117",69322,2,138.6,,3,2,2,6,,,,,,1.00000,,,,"f1f9206994e82d08","f1f9206994e82d08_0000000182",
