CRUISE,VESSEL,HAUL,STATION,SPECIES_CODE,SEX,LENGTH,WIDTH,SHELL_CONDITION,EGG_COLOR,EGG_CONDITION,CLUTCH_SIZE,WEIGHT,DISEASE_CODE,DISEASE_DORSAL,DISEASE_VENTRAL,DISEASE_LEGS,SAMPLING_FACTOR,CHELA_HEIGHT,MERUS_LENGTH,COMMENTS,RECORDING_DEVICE,ID,NOTES
202201,94,241,"BT",69322,1,153.7,,4,,,,,,,,,1.00000,,,,"110d9296d13b8ec4","110d9296d13b8ec4_0000002949",
202201,94,241,"BT",69322,1,125.1,,4,,,,,,,,,1.00000,,,,"110d9296d13b8ec4","110d9296d13b8ec4_0000002948",
202201,94,241,"BT",69322,1,132.0,,3,,,,,,,,,1.00000,,,,"110d9296d13b8ec4","110d9296d13b8ec4_0000002947",
202201,94,241,"BT",69322,1,148.2,,3,,,,,,,,,1.00000,,,,"110d9296d13b8ec4","110d9296d13b8ec4_0000002946",
202201,94,241,"BT",69322,1,135.8,,3,,,,,,,,,1.00000,,,,"110d9296d13b8ec4","110d9296d13b8ec4_0000002945",
202201,94,241,"BT",69322,1,123.2,,3,,,,,,,,,1.00000,,,,"110d9296d13b8ec4","110d9296d13b8ec4_0000002944",
202201,94,241,"BT",69322,1,131.2,,2,,,,,,,,,1.00000,,,,"110d9296d13b8ec4","110d9296d13b8ec4_0000002943",
202201,94,241,"BT",69322,1,144.3,,2,,,,,,,,,1.00000,,,,"110d9296d13b8ec4","110d9296d13b8ec4_0000002942",
202201,94,241,"BT",69322,2,85.2,,2,2,1,5,,,,,,1.00000,,,,"110d9296d13b8ec4","110d9296d13b8ec4_0000002950",
