CRUISE,VESSEL,HAUL,STATION,SPECIES_CODE,SEX,LENGTH,WIDTH,SHELL_CONDITION,EGG_COLOR,EGG_CONDITION,CLUTCH_SIZE,WEIGHT,DISEASE_CODE,DISEASE_DORSAL,DISEASE_VENTRAL,DISEASE_LEGS,SAMPLING_FACTOR,CHELA_HEIGHT,MERUS_LENGTH,COMMENTS,RECORDING_DEVICE,ID,NOTES
202201,94,244,"V33",69322,1,165.3,,3,,,,,,,,,1.00000,,,,"110d9296d13b8ec4","110d9296d13b8ec4_0000002964",
202201,94,244,"V33",69322,1,139.9,,3,,,,,,,,,1.00000,,,,"110d9296d13b8ec4","110d9296d13b8ec4_0000002963",
202201,94,244,"V33",69322,1,88.3,,2,,,,,,,,,1.00000,,,,"110d9296d13b8ec4","110d9296d13b8ec4_0000002962",
202201,94,244,"V33",69322,1,97.7,,2,,,,,,,,,1.00000,,,,"110d9296d13b8ec4","110d9296d13b8ec4_0000002961",
202201,94,244,"V33",69322,1,111.3,,2,,,,,,,,,1.00000,,,,"110d9296d13b8ec4","110d9296d13b8ec4_0000002960",
202201,94,244,"V33",69322,1,115.8,,2,,,,,,,,,1.00000,,,,"110d9296d13b8ec4","110d9296d13b8ec4_0000002959",
202201,94,244,"V33",69322,1,114.7,,2,,,,,,,,,1.00000,,,,"110d9296d13b8ec4","110d9296d13b8ec4_0000002958",
202201,94,244,"V33",69322,2,150.0,,3,2,2,5,,,,,,1.00000,,,,"110d9296d13b8ec4","110d9296d13b8ec4_0000002965",
