CRUISE,VESSEL,HAUL,STATION,SPECIES_CODE,SEX,LENGTH,WIDTH,SHELL_CONDITION,EGG_COLOR,EGG_CONDITION,CLUTCH_SIZE,WEIGHT,DISEASE_CODE,DISEASE_DORSAL,DISEASE_VENTRAL,DISEASE_LEGS,SAMPLING_FACTOR,CHELA_HEIGHT,MERUS_LENGTH,COMMENTS,RECORDING_DEVICE,ID,NOTES
202201,94,337,"JFK",69322,1,161.6,,4,,,,,,,,,1.00000,,,,"2cc8796ee90f5a1e","2cc8796ee90f5a1e_0000004639",
202201,94,337,"JFK",69322,1,153.3,,3,,,,,,,,,1.00000,,,,"2cc8796ee90f5a1e","2cc8796ee90f5a1e_0000004638",
202201,94,337,"JFK",69322,1,115.6,,3,,,,,,,,,1.00000,,,,"2cc8796ee90f5a1e","2cc8796ee90f5a1e_0000004637",
202201,94,337,"JFK",69322,1,145.1,,3,,,,,,,,,1.00000,,,,"2cc8796ee90f5a1e","2cc8796ee90f5a1e_0000004636",
202201,94,337,"JFK",69322,1,137.4,,3,,,,,,,,,1.00000,,,,"2cc8796ee90f5a1e","2cc8796ee90f5a1e_0000004635",
202201,94,337,"JFK",69322,1,126.3,,3,,,,,,,,,1.00000,,,,"2cc8796ee90f5a1e","2cc8796ee90f5a1e_0000004634",
202201,94,337,"JFK",69322,1,116.9,,2,,,,,,,,,1.00000,,,,"2cc8796ee90f5a1e","2cc8796ee90f5a1e_0000004633",
202201,94,337,"JFK",69322,2,151.7,,3,2,2,6,,,,,,1.00000,,,,"2cc8796ee90f5a1e","2cc8796ee90f5a1e_0000004640",
