CRUISE,VESSEL,HAUL,STATION,SPECIES_CODE,SEX,LENGTH,WIDTH,SHELL_CONDITION,EGG_COLOR,EGG_CONDITION,CLUTCH_SIZE,WEIGHT,DISEASE_CODE,DISEASE_DORSAL,DISEASE_VENTRAL,DISEASE_LEGS,SAMPLING_FACTOR,CHELA_HEIGHT,MERUS_LENGTH,COMMENTS,RECORDING_DEVICE,ID,NOTES
202201,162,36,"X31",69322,2,117.9,,2,2,1,5,,,,,,1.00000,,,,"f1f9206994e82d08","f1f9206994e82d08_0000000126",
202201,162,36,"X31",69322,2,109.5,,2,2,1,5,,,,,,1.00000,,,,"f1f9206994e82d08","f1f9206994e82d08_0000000125",
202201,162,36,"X31",69322,2,102.2,,2,2,1,5,,,,,,1.00000,,,,"f1f9206994e82d08","f1f9206994e82d08_0000000124",
202201,162,36,"X31",69322,2,99.0,,2,2,1,5,,,,,,1.00000,,,,"f1f9206994e82d08","f1f9206994e82d08_0000000123",
202201,162,36,"X31",69322,2,104.7,,2,2,1,5,,,,,,1.00000,,,,"f1f9206994e82d08","f1f9206994e82d08_0000000122",
202201,162,36,"X31",69322,1,130.3,,4,,,,,,,,,1.00000,,,,"f1f9206994e82d08","f1f9206994e82d08_0000000121",
202201,162,36,"X31",69322,1,145.0,,4,,,,,,,,,1.00000,,,,"f1f9206994e82d08","f1f9206994e82d08_0000000120",
202201,162,36,"X31",69322,1,115.1,,2,,,,,,,,,1.00000,,,,"f1f9206994e82d08","f1f9206994e82d08_0000000119",
