CRUISE,VESSEL,HAUL,STATION,SPECIES_CODE,SEX,LENGTH,WIDTH,SHELL_CONDITION,EGG_COLOR,EGG_CONDITION,CLUTCH_SIZE,WEIGHT,DISEASE_CODE,DISEASE_DORSAL,DISEASE_VENTRAL,DISEASE_LEGS,SAMPLING_FACTOR,CHELA_HEIGHT,MERUS_LENGTH,COMMENTS,RECORDING_DEVICE,ID,NOTES
202201,94,92,"T4",69322,1,122.5,,2,,,,,,,,,1.00000,,,,"110d9296d13b8ec4","110d9296d13b8ec4_0000001026",
202201,94,92,"T4",69322,1,141.5,,3,,,,,,,,,1.00000,,,,"110d9296d13b8ec4","110d9296d13b8ec4_0000001025",
202201,94,92,"T4",69322,1,135.1,,3,,,,,,,,,1.00000,,,,"110d9296d13b8ec4","110d9296d13b8ec4_0000001024",
202201,94,92,"T4",69322,1,125.3,,3,,,,,,,,,1.00000,,,,"110d9296d13b8ec4","110d9296d13b8ec4_0000001023",
202201,94,92,"T4",69322,1,118.5,,3,,,,,,,,,1.00000,,,,"110d9296d13b8ec4","110d9296d13b8ec4_0000001022",
202201,94,92,"T4",69322,1,172.7,,3,,,,,,,,,1.00000,,,,"110d9296d13b8ec4","110d9296d13b8ec4_0000001021",
202201,94,92,"T4",69322,2,154.0,,3,2,2,5,,,,,,1.00000,,,,"110d9296d13b8ec4","110d9296d13b8ec4_0000001028",
202201,94,92,"T4",69322,2,142.2,,3,2,2,6,,,,,,1.00000,,,,"110d9296d13b8ec4","110d9296d13b8ec4_0000001027",
