CRUISE,VESSEL,HAUL,STATION,SPECIES_CODE,SEX,LENGTH,WIDTH,SHELL_CONDITION,EGG_COLOR,EGG_CONDITION,CLUTCH_SIZE,WEIGHT,DISEASE_CODE,DISEASE_DORSAL,DISEASE_VENTRAL,DISEASE_LEGS,SAMPLING_FACTOR,CHELA_HEIGHT,MERUS_LENGTH,COMMENTS,RECORDING_DEVICE,ID,NOTES
202201,162,161,"X12",69322,1,157.0,,2,,,,,,,,,1.00000,,,,"f1f9206994e82d08","f1f9206994e82d08_0000002626",
202201,162,161,"X12",69322,1,132.4,,2,,,,,,,,,1.00000,,,,"f1f9206994e82d08","f1f9206994e82d08_0000002625",
202201,162,161,"X12",69322,1,164.4,,2,,,,,,,,,1.00000,,,,"f1f9206994e82d08","f1f9206994e82d08_0000002624",
202201,162,161,"X12",69322,1,149.8,,2,,,,,,,,,1.00000,,,,"f1f9206994e82d08","f1f9206994e82d08_0000002623",
202201,162,161,"X12",69322,1,136.6,,2,,,,,,,,,1.00000,,,,"f1f9206994e82d08","f1f9206994e82d08_0000002622",
202201,162,161,"X12",69322,1,169.1,,2,,,,,,,,,1.00000,,,,"f1f9206994e82d08","f1f9206994e82d08_0000002621",
202201,162,161,"X12",69322,1,123.1,,2,,,,,,,,,1.00000,,,,"f1f9206994e82d08","f1f9206994e82d08_0000002620",
202201,162,161,"X12",69322,1,138.3,,2,,,,,,,,,1.00000,,,,"f1f9206994e82d08","f1f9206994e82d08_0000002619",
202201,162,161,"X12",69322,1,135.8,,2,,,,,,,,,1.00000,,,,"f1f9206994e82d08","f1f9206994e82d08_0000002618",
