CRUISE,VESSEL,HAUL,STATION,SPECIES_CODE,SEX,LENGTH,WIDTH,SHELL_CONDITION,EGG_COLOR,EGG_CONDITION,CLUTCH_SIZE,WEIGHT,DISEASE_CODE,DISEASE_DORSAL,DISEASE_VENTRAL,DISEASE_LEGS,SAMPLING_FACTOR,CHELA_HEIGHT,MERUS_LENGTH,COMMENTS,RECORDING_DEVICE,ID,NOTES
202201,94,285,"T20",69322,1,171.6,,4,,,,,,,,,1.00000,,,,"2cc8796ee90f5a1e","2cc8796ee90f5a1e_0000004520",
202201,94,285,"T20",69322,1,155.8,,3,,,,,,,,,1.00000,,,,"2cc8796ee90f5a1e","2cc8796ee90f5a1e_0000004519",
202201,94,285,"T20",69322,1,117.2,,3,,,,,,,,,1.00000,,,,"2cc8796ee90f5a1e","2cc8796ee90f5a1e_0000004518",
202201,94,285,"T20",69322,1,141.4,,3,,,,,,,,,1.00000,,,,"2cc8796ee90f5a1e","2cc8796ee90f5a1e_0000004517",
202201,94,285,"T20",69322,1,127.1,,2,,,,,,,,,1.00000,,,,"2cc8796ee90f5a1e","2cc8796ee90f5a1e_0000004516",
202201,94,285,"T20",69322,1,151.5,,2,,,,,,,,,1.00000,,,,"2cc8796ee90f5a1e","2cc8796ee90f5a1e_0000004515",
202201,94,285,"T20",69322,1,89.7,,2,,,,,,,,,1.00000,,,,"2cc8796ee90f5a1e","2cc8796ee90f5a1e_0000004514",
