CRUISE,VESSEL,HAUL,STATION,SPECIES_CODE,SEX,LENGTH,WIDTH,SHELL_CONDITION,EGG_COLOR,EGG_CONDITION,CLUTCH_SIZE,WEIGHT,DISEASE_CODE,DISEASE_DORSAL,DISEASE_VENTRAL,DISEASE_LEGS,SAMPLING_FACTOR,CHELA_HEIGHT,MERUS_LENGTH,COMMENTS,RECORDING_DEVICE,ID,NOTES
202201,94,51,"RA",69322,1,144.2,,2,,,,,,,,,1.00000,,,,"2cc8796ee90f5a1e","2cc8796ee90f5a1e_0000000881",
202201,94,51,"RA",69322,1,121.7,,2,,,,,,,,,1.00000,,,,"2cc8796ee90f5a1e","2cc8796ee90f5a1e_0000000880",
202201,94,51,"RA",69322,1,122.1,,2,,,,,,,,,1.00000,,,,"2cc8796ee90f5a1e","2cc8796ee90f5a1e_0000000879",
202201,94,51,"RA",69322,1,91.8,,2,,,,,,,,,1.00000,,,,"2cc8796ee90f5a1e","2cc8796ee90f5a1e_0000000878",
202201,94,51,"RA",69322,1,105.5,,2,,,,,,,,,1.00000,,,,"2cc8796ee90f5a1e","2cc8796ee90f5a1e_0000000877",
202201,94,51,"RA",69322,2,141.0,,3,2,2,6,,,,,,1.00000,,,,"2cc8796ee90f5a1e","2cc8796ee90f5a1e_0000000884",
202201,94,51,"RA",69322,2,109.9,,2,2,1,5,,,,,,1.00000,,,,"2cc8796ee90f5a1e","2cc8796ee90f5a1e_0000000883",
202201,94,51,"RA",69322,2,57.0,,2,0,0,0,,,,,,1.00000,,,,"2cc8796ee90f5a1e","2cc8796ee90f5a1e_0000000882",
