CRUISE,VESSEL,HAUL,STATION,SPECIES_CODE,SEX,LENGTH,WIDTH,SHELL_CONDITION,EGG_COLOR,EGG_CONDITION,CLUTCH_SIZE,WEIGHT,DISEASE_CODE,DISEASE_DORSAL,DISEASE_VENTRAL,DISEASE_LEGS,SAMPLING_FACTOR,CHELA_HEIGHT,MERUS_LENGTH,COMMENTS,RECORDING_DEVICE,ID,NOTES
202201,94,105,"R28",69322,1,133.3,,3,,,,,,,,,1.00000,,,,"2cc8796ee90f5a1e","2cc8796ee90f5a1e_0000002037",
202201,94,105,"R28",69322,1,149.0,,3,,,,,,,,,1.00000,,,,"2cc8796ee90f5a1e","2cc8796ee90f5a1e_0000002036",
202201,94,105,"R28",69322,1,139.0,,3,,,,,,,,,1.00000,,,,"2cc8796ee90f5a1e","2cc8796ee90f5a1e_0000002035",
202201,94,105,"R28",69322,2,142.9,,3,2,2,5,,,,,,1.00000,,,,"2cc8796ee90f5a1e","2cc8796ee90f5a1e_0000002040",
202201,94,105,"R28",69322,2,139.2,,3,2,2,6,,,,,,1.00000,,,,"2cc8796ee90f5a1e","2cc8796ee90f5a1e_0000002039",
202201,94,105,"R28",69322,2,110.8,,3,2,2,6,,,,,,1.00000,,,,"2cc8796ee90f5a1e","2cc8796ee90f5a1e_0000002038",
