CRUISE,VESSEL,HAUL,STATION,SPECIES_CODE,SEX,LENGTH,WIDTH,SHELL_CONDITION,EGG_COLOR,EGG_CONDITION,CLUTCH_SIZE,WEIGHT,DISEASE_CODE,DISEASE_DORSAL,DISEASE_VENTRAL,DISEASE_LEGS,SAMPLING_FACTOR,CHELA_HEIGHT,MERUS_LENGTH,COMMENTS,RECORDING_DEVICE,ID,NOTES
202201,94,331,"F62",69322,1,155.5,,4,,,,,,,,,1.00000,,,,"2cc8796ee90f5a1e","2cc8796ee90f5a1e_0000004615",
202201,94,331,"F62",69322,1,161.1,,3,,,,,,,,,1.00000,,,,"2cc8796ee90f5a1e","2cc8796ee90f5a1e_0000004614",
202201,94,331,"F62",69322,1,126.0,,3,,,,,,,,,1.00000,,,,"2cc8796ee90f5a1e","2cc8796ee90f5a1e_0000004613",
202201,94,331,"F62",69322,1,156.2,,3,,,,,,,,,1.00000,,,,"2cc8796ee90f5a1e","2cc8796ee90f5a1e_0000004612",
202201,94,331,"F62",69322,1,141.8,,3,,,,,,,,,1.00000,,,,"2cc8796ee90f5a1e","2cc8796ee90f5a1e_0000004611",
202201,94,331,"F62",69322,1,142.3,,3,,,,,,,,,1.00000,,,,"2cc8796ee90f5a1e","2cc8796ee90f5a1e_0000004610",
202201,94,331,"F62",69322,1,155.9,,3,,,,,,,,,1.00000,,,,"2cc8796ee90f5a1e","2cc8796ee90f5a1e_0000004609",
202201,94,331,"F62",69322,1,138.1,,2,,,,,,,,,1.00000,,,,"2cc8796ee90f5a1e","2cc8796ee90f5a1e_0000004608",
202201,94,331,"F62",69322,1,156.6,,2,,,,,,,,,1.00000,,,,"2cc8796ee90f5a1e","2cc8796ee90f5a1e_0000004607",
