CRUISE,VESSEL,HAUL,STATION,SPECIES_CODE,SEX,LENGTH,WIDTH,SHELL_CONDITION,EGG_COLOR,EGG_CONDITION,CLUTCH_SIZE,WEIGHT,DISEASE_CODE,DISEASE_DORSAL,DISEASE_VENTRAL,DISEASE_LEGS,SAMPLING_FACTOR,CHELA_HEIGHT,MERUS_LENGTH,COMMENTS,RECORDING_DEVICE,ID,NOTES
202201,162,24,"XJW",69322,1,123.9,,2,,,,,,,,,1.00000,,,,"f1f9206994e82d08","f1f9206994e82d08_0000000220",
202201,162,24,"XJW",69322,1,71.8,,2,,,,,,,,,1.00000,,,,"f1f9206994e82d08","f1f9206994e82d08_0000000219",
202201,162,24,"XJW",69322,2,73.9,,2,0,0,0,,,,,,1.00000,,,,"f1f9206994e82d08","f1f9206994e82d08_0000000218",
202201,162,24,"XJW",69322,2,125.9,,3,2,2,5,,,,,,1.00000,,,,"f1f9206994e82d08","f1f9206994e82d08_0000000217",
202201,162,24,"XJW",69322,2,142.6,,3,2,2,6,,,,,,1.00000,,,,"f1f9206994e82d08","f1f9206994e82d08_0000000216",
202201,162,24,"XJW",69322,2,113.4,,3,2,2,6,,,,,,1.00000,,,,"f1f9206994e82d08","f1f9206994e82d08_0000000215",
202201,162,24,"XJW",69322,2,141.5,,3,2,2,6,,,,,,1.00000,,,,"f1f9206994e82d08","f1f9206994e82d08_0000000214",
202201,162,24,"XJW",69322,2,93.7,,3,2,2,6,,,,,,1.00000,,,,"f1f9206994e82d08","f1f9206994e82d08_0000000213",
