CRUISE,VESSEL,HAUL,STATION,SPECIES_CODE,SEX,LENGTH,WIDTH,SHELL_CONDITION,EGG_COLOR,EGG_CONDITION,CLUTCH_SIZE,WEIGHT,DISEASE_CODE,DISEASE_DORSAL,DISEASE_VENTRAL,DISEASE_LEGS,SAMPLING_FACTOR,CHELA_HEIGHT,MERUS_LENGTH,COMMENTS,RECORDING_DEVICE,ID,NOTES
202201,162,38,"X77",69322,1,140.0,,2,,,,,,,,,1.00000,,,,"f1f9206994e82d08","f1f9206994e82d08_0000000102",
202201,162,38,"X77",69322,1,106.6,,2,,,,,,,,,1.00000,,,,"f1f9206994e82d08","f1f9206994e82d08_0000000101",
202201,162,38,"X77",69322,1,116.4,,2,,,,,,,,,1.00000,,,,"f1f9206994e82d08","f1f9206994e82d08_0000000100",
202201,162,38,"X77",69322,2,104.8,,2,2,1,5,,,,,,1.00000,,,,"f1f9206994e82d08","f1f9206994e82d08_0000000108",
202201,162,38,"X77",69322,2,96.2,,2,2,1,5,,,,,,1.00000,,,,"f1f9206994e82d08","f1f9206994e82d08_0000000107",
202201,162,38,"X77",69322,2,110.0,,2,2,1,5,,,,,,1.00000,,,,"f1f9206994e82d08","f1f9206994e82d08_0000000106",
202201,162,38,"X77",69322,2,109.2,,2,2,1,4,,,,,,1.00000,,,,"f1f9206994e82d08","f1f9206994e82d08_0000000105",
202201,162,38,"X77",69322,2,96.7,,2,2,1,5,,,,,,1.00000,,,,"f1f9206994e82d08","f1f9206994e82d08_0000000104",
202201,162,38,"X77",69322,2,93.6,,2,0,0,1,,,,,,1.00000,,,,"f1f9206994e82d08","f1f9206994e82d08_0000000103",
