CRUISE,VESSEL,HAUL,STATION,SPECIES_CODE,SEX,LENGTH,WIDTH,SHELL_CONDITION,EGG_COLOR,EGG_CONDITION,CLUTCH_SIZE,WEIGHT,DISEASE_CODE,DISEASE_DORSAL,DISEASE_VENTRAL,DISEASE_LEGS,SAMPLING_FACTOR,CHELA_HEIGHT,MERUS_LENGTH,COMMENTS,RECORDING_DEVICE,ID,NOTES
202201,94,271,"T44",69322,1,171.0,,4,,,,,,,,,1.00000,,,,"110d9296d13b8ec4","110d9296d13b8ec4_0000003148",
202201,94,271,"T44",69322,1,147.1,,3,,,,,,,,,1.00000,,,,"110d9296d13b8ec4","110d9296d13b8ec4_0000003147",
202201,94,271,"T44",69322,2,150.6,,3,2,2,6,,,,,,1.00000,,,,"110d9296d13b8ec4","110d9296d13b8ec4_0000003152",
202201,94,271,"T44",69322,2,130.1,,3,2,2,6,,,,,,1.00000,,,,"110d9296d13b8ec4","110d9296d13b8ec4_0000003151",
202201,94,271,"T44",69322,2,140.3,,3,2,2,6,,,,,,1.00000,,,,"110d9296d13b8ec4","110d9296d13b8ec4_0000003150",
202201,94,271,"T44",69322,2,133.0,,3,2,2,6,,,,,,1.00000,,,,"110d9296d13b8ec4","110d9296d13b8ec4_0000003149",
