CRUISE,VESSEL,HAUL,STATION,SPECIES_CODE,SEX,LENGTH,WIDTH,SHELL_CONDITION,EGG_COLOR,EGG_CONDITION,CLUTCH_SIZE,WEIGHT,DISEASE_CODE,DISEASE_DORSAL,DISEASE_VENTRAL,DISEASE_LEGS,SAMPLING_FACTOR,CHELA_HEIGHT,MERUS_LENGTH,COMMENTS,RECORDING_DEVICE,ID,NOTES
202201,162,32,"X29",69322,1,128.0,,2,,,,,,,,,1.00000,,,,"f1f9206994e82d08","f1f9206994e82d08_0000000161",
202201,162,32,"X29",69322,1,147.0,,2,,,,,,,,,1.00000,,,,"f1f9206994e82d08","f1f9206994e82d08_0000000160",
202201,162,32,"X29",69322,1,127.4,,2,,,,,,,,,1.00000,,,,"f1f9206994e82d08","f1f9206994e82d08_0000000159",
202201,162,32,"X29",69322,1,91.1,,2,,,,,,,,,1.00000,,,,"f1f9206994e82d08","f1f9206994e82d08_0000000158",
202201,162,32,"X29",69322,1,130.6,,2,,,,,,,,,1.00000,,,,"f1f9206994e82d08","f1f9206994e82d08_0000000157",
202201,162,32,"X29",69322,2,102.7,,2,2,1,5,,,,,,1.00000,,,,"f1f9206994e82d08","f1f9206994e82d08_0000000163",
202201,162,32,"X29",69322,2,93.2,,2,2,2,6,,,,,,1.00000,,,,"f1f9206994e82d08","f1f9206994e82d08_0000000162",
