CRUISE,VESSEL,HAUL,STATION,SPECIES_CODE,SEX,LENGTH,WIDTH,SHELL_CONDITION,EGG_COLOR,EGG_CONDITION,CLUTCH_SIZE,WEIGHT,DISEASE_CODE,DISEASE_DORSAL,DISEASE_VENTRAL,DISEASE_LEGS,SAMPLING_FACTOR,CHELA_HEIGHT,MERUS_LENGTH,COMMENTS,RECORDING_DEVICE,ID,NOTES
202201,94,236,"Q26",69322,1,155.5,,4,,,,,,,,,1.00000,,,,"110d9296d13b8ec4","110d9296d13b8ec4_0000002759",
202201,94,236,"Q26",69322,1,155.5,,3,,,,,,,,,1.00000,,,,"110d9296d13b8ec4","110d9296d13b8ec4_0000002758",
202201,94,236,"Q26",69322,1,107.6,,2,,,,,,,,,1.00000,,,,"110d9296d13b8ec4","110d9296d13b8ec4_0000002757",
202201,94,236,"Q26",69322,1,93.2,,2,,,,,,,,,1.00000,,,,"110d9296d13b8ec4","110d9296d13b8ec4_0000002756",
202201,94,236,"Q26",69322,2,96.0,,2,0,0,0,,,,,,1.00000,,,,"110d9296d13b8ec4","110d9296d13b8ec4_0000002760",
