CRUISE,VESSEL,HAUL,STATION,SPECIES_CODE,SEX,LENGTH,WIDTH,SHELL_CONDITION,EGG_COLOR,EGG_CONDITION,CLUTCH_SIZE,WEIGHT,DISEASE_CODE,DISEASE_DORSAL,DISEASE_VENTRAL,DISEASE_LEGS,SAMPLING_FACTOR,CHELA_HEIGHT,MERUS_LENGTH,COMMENTS,RECORDING_DEVICE,ID,NOTES
202201,94,274,"F62",69322,1,137.1,,3,,,,,,,,,1.00000,,,,"110d9296d13b8ec4","110d9296d13b8ec4_0000003168",
202201,94,274,"F62",69322,1,141.2,,3,,,,,,,,,1.00000,,,,"110d9296d13b8ec4","110d9296d13b8ec4_0000003167",
202201,94,274,"F62",69322,1,137.9,,3,,,,,,,,,1.00000,,,,"110d9296d13b8ec4","110d9296d13b8ec4_0000003166",
202201,94,274,"F62",69322,1,148.2,,3,,,,,,,,,1.00000,,,,"110d9296d13b8ec4","110d9296d13b8ec4_0000003165",
202201,94,274,"F62",69322,1,166.7,,2,,,,,,,,,1.00000,,,,"110d9296d13b8ec4","110d9296d13b8ec4_0000003164",
202201,94,274,"F62",69322,2,95.7,,2,2,1,5,,,,,,1.00000,,,,"110d9296d13b8ec4","110d9296d13b8ec4_0000003169",
