CRUISE,VESSEL,HAUL,STATION,SPECIES_CODE,SEX,LENGTH,WIDTH,SHELL_CONDITION,EGG_COLOR,EGG_CONDITION,CLUTCH_SIZE,WEIGHT,DISEASE_CODE,DISEASE_DORSAL,DISEASE_VENTRAL,DISEASE_LEGS,SAMPLING_FACTOR,CHELA_HEIGHT,MERUS_LENGTH,COMMENTS,RECORDING_DEVICE,ID,NOTES
202201,94,90,"OAK",69322,1,152.4,,3,,,,,,,,,1.00000,,,,"110d9296d13b8ec4","110d9296d13b8ec4_0000001007",
202201,94,90,"OAK",69322,1,150.0,,3,,,,,,,,,1.00000,,,,"110d9296d13b8ec4","110d9296d13b8ec4_0000001006",
202201,94,90,"OAK",69322,1,142.3,,3,,,,,,,,,1.00000,,,,"110d9296d13b8ec4","110d9296d13b8ec4_0000001005",
202201,94,90,"OAK",69322,1,134.9,,3,,,,,,,,,1.00000,,,,"110d9296d13b8ec4","110d9296d13b8ec4_0000001004",
202201,94,90,"OAK",69322,1,137.1,,3,,,,,,,,,1.00000,,,,"110d9296d13b8ec4","110d9296d13b8ec4_0000001003",
202201,94,90,"OAK",69322,1,162.2,,3,,,,,,,,,1.00000,,,,"110d9296d13b8ec4","110d9296d13b8ec4_0000001002",
202201,94,90,"OAK",69322,2,132.1,,3,2,2,6,,,,,,1.00000,,,,"110d9296d13b8ec4","110d9296d13b8ec4_0000001009",
202201,94,90,"OAK",69322,2,135.5,,3,2,2,6,,,,,,1.00000,,,,"110d9296d13b8ec4","110d9296d13b8ec4_0000001008",
