CRUISE,VESSEL,HAUL,STATION,SPECIES_CODE,SEX,LENGTH,WIDTH,SHELL_CONDITION,EGG_COLOR,EGG_CONDITION,CLUTCH_SIZE,WEIGHT,DISEASE_CODE,DISEASE_DORSAL,DISEASE_VENTRAL,DISEASE_LEGS,SAMPLING_FACTOR,CHELA_HEIGHT,MERUS_LENGTH,COMMENTS,RECORDING_DEVICE,ID,NOTES
202201,162,92,"X29",69322,1,151.1,,2,,,,,,,,,1.00000,,,,"f1f9206994e82d08","f1f9206994e82d08_0000000990",
202201,162,92,"X29",69322,1,162.5,,2,,,,,,,,,1.00000,,,,"f1f9206994e82d08","f1f9206994e82d08_0000000989",
202201,162,92,"X29",69322,1,136.0,,2,,,,,,,,,1.00000,,,,"f1f9206994e82d08","f1f9206994e82d08_0000000988",
202201,162,92,"X29",69322,1,144.0,,2,,,,,,,,,1.00000,,,,"f1f9206994e82d08","f1f9206994e82d08_0000000987",
202201,162,92,"X29",69322,1,159.1,,2,,,,,,,,,1.00000,,,,"f1f9206994e82d08","f1f9206994e82d08_0000000986",
202201,162,92,"X29",69322,1,137.9,,2,,,,,,,,,1.00000,,,,"f1f9206994e82d08","f1f9206994e82d08_0000000985",
202201,162,92,"X29",69322,1,155.8,,2,,,,,,,,,1.00000,,,,"f1f9206994e82d08","f1f9206994e82d08_0000000984",
202201,162,92,"X29",69322,1,155.0,,4,,,,,,,,,1.00000,,,,"f1f9206994e82d08","f1f9206994e82d08_0000000983",
202201,162,92,"X29",69322,2,132.5,,2,2,2,6,,,,,,1.00000,,,,"f1f9206994e82d08","f1f9206994e82d08_0000000991",
