CRUISE,VESSEL,HAUL,STATION,SPECIES_CODE,SEX,LENGTH,WIDTH,SHELL_CONDITION,EGG_COLOR,EGG_CONDITION,CLUTCH_SIZE,WEIGHT,DISEASE_CODE,DISEASE_DORSAL,DISEASE_VENTRAL,DISEASE_LEGS,SAMPLING_FACTOR,CHELA_HEIGHT,MERUS_LENGTH,COMMENTS,RECORDING_DEVICE,ID,NOTES
202201,94,89,"F62",69322,1,155.5,,4,,,,,,,,,1.00000,,,,"110d9296d13b8ec4","110d9296d13b8ec4_0000001000",
202201,94,89,"F62",69322,1,155.1,,3,,,,,,,,,1.00000,,,,"110d9296d13b8ec4","110d9296d13b8ec4_0000000999",
202201,94,89,"F62",69322,1,151.8,,3,,,,,,,,,1.00000,,,,"110d9296d13b8ec4","110d9296d13b8ec4_0000000998",
202201,94,89,"F62",69322,1,136.0,,3,,,,,,,,,1.00000,,,,"110d9296d13b8ec4","110d9296d13b8ec4_0000000997",
202201,94,89,"F62",69322,1,155.8,,3,,,,,,,,,1.00000,,,,"110d9296d13b8ec4","110d9296d13b8ec4_0000000996",
202201,94,89,"F62",69322,1,143.2,,3,,,,,,,,,1.00000,,,,"110d9296d13b8ec4","110d9296d13b8ec4_0000000995",
202201,94,89,"F62",69322,1,162.0,,3,,,,,,,,,1.00000,,,,"110d9296d13b8ec4","110d9296d13b8ec4_0000000994",
202201,94,89,"F62",69322,1,167.0,,3,,,,,,,,,1.00000,,,,"110d9296d13b8ec4","110d9296d13b8ec4_0000000993",
202201,94,89,"F62",69322,2,156.5,,3,2,2,6,,,,,,1.00000,,,,"110d9296d13b8ec4","110d9296d13b8ec4_0000001001",
