CRUISE,VESSEL,HAUL,STATION,SPECIES_CODE,SEX,LENGTH,WIDTH,SHELL_CONDITION,EGG_COLOR,EGG_CONDITION,CLUTCH_SIZE,WEIGHT,DISEASE_CODE,DISEASE_DORSAL,DISEASE_VENTRAL,DISEASE_LEGS,SAMPLING_FACTOR,CHELA_HEIGHT,MERUS_LENGTH,COMMENTS,RECORDING_DEVICE,ID,NOTES
202201,162,81,"XDL",69322,1,143.4,,3,,,,,,,,,1.00000,,,,"f1f9206994e82d08","f1f9206994e82d08_0000000909",
202201,162,81,"XDL",69322,1,164.6,,3,,,,,,,,,1.00000,,,,"f1f9206994e82d08","f1f9206994e82d08_0000000908",
202201,162,81,"XDL",69322,2,140.2,,3,2,2,6,,,,,,1.00000,,,,"f1f9206994e82d08","f1f9206994e82d08_0000000912",
202201,162,81,"XDL",69322,2,140.2,,3,2,2,6,,,,,,1.00000,,,,"f1f9206994e82d08","f1f9206994e82d08_0000000911",
202201,162,81,"XDL",69322,2,154.1,,3,2,2,6,,,,,,1.00000,,,,"f1f9206994e82d08","f1f9206994e82d08_0000000910",
