CRUISE,VESSEL,HAUL,STATION,SPECIES_CODE,SEX,LENGTH,WIDTH,SHELL_CONDITION,EGG_COLOR,EGG_CONDITION,CLUTCH_SIZE,WEIGHT,DISEASE_CODE,DISEASE_DORSAL,DISEASE_VENTRAL,DISEASE_LEGS,SAMPLING_FACTOR,CHELA_HEIGHT,MERUS_LENGTH,COMMENTS,RECORDING_DEVICE,ID,NOTES
202201,162,137,"XJW",69322,1,132.0,,2,,,,,,,,,1.00000,,,,"f1f9206994e82d08","f1f9206994e82d08_0000002002",
202201,162,137,"XJW",69322,1,145.8,,2,,,,,,,,,1.00000,,,,"f1f9206994e82d08","f1f9206994e82d08_0000002001",
202201,162,137,"XJW",69322,2,135.7,,2,2,2,6,,,,,,1.00000,,,,"f1f9206994e82d08","f1f9206994e82d08_0000002007",
202201,162,137,"XJW",69322,2,119.2,,3,2,2,6,,,,,,1.00000,,,,"f1f9206994e82d08","f1f9206994e82d08_0000002006",
202201,162,137,"XJW",69322,2,135.1,,3,2,2,6,,,,,,1.00000,,,,"f1f9206994e82d08","f1f9206994e82d08_0000002005",
202201,162,137,"XJW",69322,2,110.4,,2,2,1,5,,,,,,1.00000,,,,"f1f9206994e82d08","f1f9206994e82d08_0000002004",
202201,162,137,"XJW",69322,2,105.2,,2,2,1,5,,,,,,1.00000,,,,"f1f9206994e82d08","f1f9206994e82d08_0000002003",
