CRUISE,VESSEL,HAUL,STATION,SPECIES_CODE,SEX,LENGTH,WIDTH,SHELL_CONDITION,EGG_COLOR,EGG_CONDITION,CLUTCH_SIZE,WEIGHT,DISEASE_CODE,DISEASE_DORSAL,DISEASE_VENTRAL,DISEASE_LEGS,SAMPLING_FACTOR,CHELA_HEIGHT,MERUS_LENGTH,COMMENTS,RECORDING_DEVICE,ID,NOTES
202201,162,168,"X106",69322,1,157.6,,3,,,,,,,,,1.00000,,,,"f1f9206994e82d08","f1f9206994e82d08_0000002460",
202201,162,168,"X106",69322,1,158.3,,2,,,,,,,,,1.00000,,,,"f1f9206994e82d08","f1f9206994e82d08_0000002459",
202201,162,168,"X106",69322,1,151.6,,2,,,,,,,,,1.00000,,,,"f1f9206994e82d08","f1f9206994e82d08_0000002458",
202201,162,168,"X106",69322,1,154.7,,2,,,,,,,,,1.00000,,,,"f1f9206994e82d08","f1f9206994e82d08_0000002457",
202201,162,168,"X106",69322,1,129.4,,2,,,,,,,,,1.00000,,,,"f1f9206994e82d08","f1f9206994e82d08_0000002456",
202201,162,168,"X106",69322,1,145.0,,2,,,,,,,,,1.00000,,,,"f1f9206994e82d08","f1f9206994e82d08_0000002455",
