CRUISE,VESSEL,HAUL,STATION,SPECIES_CODE,SEX,LENGTH,WIDTH,SHELL_CONDITION,EGG_COLOR,EGG_CONDITION,CLUTCH_SIZE,WEIGHT,DISEASE_CODE,DISEASE_DORSAL,DISEASE_VENTRAL,DISEASE_LEGS,SAMPLING_FACTOR,CHELA_HEIGHT,MERUS_LENGTH,COMMENTS,RECORDING_DEVICE,ID,NOTES
202201,94,110,"CRUZ",69322,1,142.5,,3,,,,,,,,,1.00000,,,,"110d9296d13b8ec4","110d9296d13b8ec4_0000001213",
202201,94,110,"CRUZ",69322,1,131.7,,3,,,,,,,,,1.00000,,,,"110d9296d13b8ec4","110d9296d13b8ec4_0000001212",
202201,94,110,"CRUZ",69322,1,148.7,,3,,,,,,,,,1.00000,,,,"110d9296d13b8ec4","110d9296d13b8ec4_0000001211",
202201,94,110,"CRUZ",69322,1,145.3,,3,,,,,,,,,1.00000,,,,"110d9296d13b8ec4","110d9296d13b8ec4_0000001210",
202201,94,110,"CRUZ",69322,1,152.7,,3,,,,,,,,,1.00000,,,,"110d9296d13b8ec4","110d9296d13b8ec4_0000001209",
202201,94,110,"CRUZ",69322,1,141.7,,3,,,,,,,,,1.00000,,,,"110d9296d13b8ec4","110d9296d13b8ec4_0000001208",
202201,94,110,"CRUZ",69322,1,111.1,,2,,,,,,,,,1.00000,,,,"110d9296d13b8ec4","110d9296d13b8ec4_0000001207",
202201,94,110,"CRUZ",69322,1,123.8,,2,,,,,,,,,1.00000,,,,"110d9296d13b8ec4","110d9296d13b8ec4_0000001206",
