CRUISE,VESSEL,HAUL,STATION,SPECIES_CODE,SEX,LENGTH,WIDTH,SHELL_CONDITION,EGG_COLOR,EGG_CONDITION,CLUTCH_SIZE,WEIGHT,DISEASE_CODE,DISEASE_DORSAL,DISEASE_VENTRAL,DISEASE_LEGS,SAMPLING_FACTOR,CHELA_HEIGHT,MERUS_LENGTH,COMMENTS,RECORDING_DEVICE,ID,NOTES
202201,94,217,"T47",69322,1,158.9,,2,,,,,,,,,1.00000,,,,"110d9296d13b8ec4","110d9296d13b8ec4_0000002559",
202201,94,217,"T47",69322,1,142.7,,2,,,,,,,,,1.00000,,,,"110d9296d13b8ec4","110d9296d13b8ec4_0000002558",
202201,94,217,"T47",69322,1,147.3,,2,,,,,,,,,1.00000,,,,"110d9296d13b8ec4","110d9296d13b8ec4_0000002557",
202201,94,217,"T47",69322,1,105.8,,2,,,,,,,,,1.00000,,,,"110d9296d13b8ec4","110d9296d13b8ec4_0000002556",
202201,94,217,"T47",69322,1,110.1,,2,,,,,,,,,1.00000,,,,"110d9296d13b8ec4","110d9296d13b8ec4_0000002555",
202201,94,217,"T47",69322,1,128.8,,2,,,,,,,,,1.00000,,,,"110d9296d13b8ec4","110d9296d13b8ec4_0000002554",
202201,94,217,"T47",69322,1,113.8,,2,,,,,,,,,1.00000,,,,"110d9296d13b8ec4","110d9296d13b8ec4_0000002553",
202201,94,217,"T47",69322,1,92.7,,2,,,,,,,,,1.00000,,,,"110d9296d13b8ec4","110d9296d13b8ec4_0000002552",
202201,94,217,"T47",69322,2,100.0,,2,2,1,5,,,,,,1.00000,,,,"110d9296d13b8ec4","110d9296d13b8ec4_0000002560",
